<?xml version="1.0" encoding="UTF-8" standalone="yes"?>
<addon id="plugin.video.thegeekgroup"
       name="The Geek Group"
       version="1.0.0"
       provider-name="MadManMarkAu KB3NZQ">
  <requires>
    <import addon="xbmc.python" version="2.0"/>
    <import addon="script.module.beautifulsoup" version="3.0.8"/>
  </requires>
  <extension point="xbmc.python.pluginsource"
            library="default.py">
        <provides>video</provides>
  </extension>
  <extension point="xbmc.addon.metadata">
    <summary>The Geek Group video addon</summary>
    <description>The Geek Group live stream.</description>
    <platform>all</platform>
    <language>en</language>
  </extension>
</addon>
